group,tumor_variability,normal_variability,variability
island:14530,17.502137794409908,22.27696146074658,389.89444912674566
island:25852,14.711165231962186,26.088656422796166,383.79453531564593
island:13716,18.32067193356518,16.702435961550403,305.9998497429462
island:7595,16.073572109004445,18.800138731939278,302.18538556711337
island:21713,14.645500838108791,16.08485532158158,235.57076209308167
island:22366,13.351314523618413,14.616560603720243,195.1502978737988
island:24570,17.579796502247035,10.975884257990785,192.9538116876947
island:7441,10.65720655922916,17.512269207229068,186.63187026226845
island:19853,12.704835244274411,14.642976772596498,186.03660738157555
island:22429,12.574389562543667,14.643506435160837,184.13315447732745
island:14669,12.598134360871539,14.580382442350917,183.68561704162917
island:21375,12.473367090029,14.712956948969762,183.5201130042929
island:22470,15.95043920894208,11.061417370647508,176.43446533524903
island:5648,12.733587164705899,13.815241813392676,175.91758583232522
island:12967,9.988580079823683,17.483108483730554,174.63142913398744
island:10820,11.469072995723101,15.212867164095343,174.47748397924857
island:23374,12.24928993072104,13.937095439749578,170.71952283362265
island:20542,11.618069475189195,14.498602269338956,168.4457684583157
island:18778,12.182580486271895,13.295691490248696,161.97583170059505
island:4250,10.987755562608257,14.682260609213834,161.32509068055342
island:20545,11.434771377564033,14.034939712391012,160.4863269090855
island:26592,9.896611140897285,15.75126158530969,155.8841108883633
island:20527,12.428668969892655,12.385738956532652,153.938249438248
island:25184,8.150302533867546,18.769376197602785,152.97609438243518
island:25306,10.31204693742685,14.829536889829154,152.92288046822122
island:24178,9.830870417464368,15.397936057518308,151.37511407786465
island:11248,10.257369771708243,14.619568261427982,149.9583175601966
island:6120,10.901873632457912,13.701423998177603,149.37119301285847
island:21729,11.109709966163821,13.376701415417926,148.61127302926624
island:17967,11.711866200414509,12.643672710656377,148.08100306903972
island:11258,10.173513743518976,14.550113545631424,148.02578012624292
island:11612,11.341459882550602,13.042700532326613,147.92326484750367
island:22852,10.853695697756141,13.455083794325379,146.03738509141775
island:13044,10.602689449544219,13.6779364055499,145.0229120186607
island:22602,10.306248518995595,13.8754385292739,143.00371779274354
island:21173,11.261855600510152,12.49360485707114,140.70117383016748
island:23631,12.737455076700531,10.805412987679206,137.63346251576036
island:4246,13.220826888792372,10.293557015640854,136.08933537370197
island:1545,9.861944737430644,13.616709699778458,134.28723856485095
island:10396,10.049415774293564,13.33968976055839,134.0560887039378
island:8756,10.14379599940219,13.15500350740837,133.4416719505708
island:10272,10.7691886612497,12.126127112910446,130.58855060922772
island:11878,10.632234900949467,12.239095011822402,130.12893314073466
island:3936,10.283729042231386,12.542841348319357,128.98718184581244
island:26245,10.10963702660062,12.502434164952604,126.39507135664144
island:25768,10.247042496886781,12.09303744717516,123.91786863764709
island:11243,10.01274433925448,12.213745437058758,122.29311048600532
island:10504,9.835291115367522,12.366892455503883,121.63198749232298
island:24210,9.101575813663715,13.34658438646994,121.47494964691658
island:12340,9.850269051694003,12.195019830928018,120.12422642538489
island:22266,8.713753949133253,13.750816560031083,119.82123210377777
island:3046,9.675690189860893,12.068978900745293,116.77570075157934
island:13384,9.825700669412402,11.754657037657049,115.49774152362008
island:5641,10.234175968631018,11.255284931073593,115.18856656168819
island:25216,10.187538446469343,11.248579250646358,114.59533358411709
island:7429,9.627035983760617,11.893267323039142,114.49691248338213
island:22571,9.738057142639338,11.745557023969027,114.37890547153924
island:12895,8.344352671568725,13.655645066908622,113.94751839605324
island:11286,10.53591273133123,10.80310783752645,113.82060140333913
island:5799,10.051106926118482,11.142397214791288,111.993425819152
island:20818,9.509779040803963,11.765076847657369,111.8832812193
island:7412,8.60607536054254,12.989954367691444,111.79252621836129
island:23329,10.781896010662527,10.362903603870937,111.73174902545637
island:12033,9.07683703170302,12.290423864837354,111.55817447168225
island:25700,9.209736119296565,12.03990927624745,110.8843873345099
island:10494,9.481564817081011,11.67524639503951,110.69960544995853
island:25816,9.675980555398546,11.418043559630334,110.48076746367671
island:20150,9.543301610548673,11.560377738333827,110.32417148879223
island:25270,11.018267521338263,9.957268984417997,109.71185345224164
island:16985,10.091701140375365,10.857092721463857,109.56653499835788
island:14,8.878425170954152,12.339647676463851,109.55663853142258
island:25278,9.632952138141881,11.369006483395026,109.51709531276903
island:2099,9.503555303535599,11.378701782680647,108.13812167414463
island:18987,9.867234265138798,10.957834872539475,108.12352372605434
island:2550,11.730872298942273,9.188651983970114,107.79090302337598
island:22755,10.627936018415854,9.997550550015019,106.25332758643785
island:19586,9.965520095731545,10.615278350941328,105.78676972808982
island:24607,8.838722369098264,11.9255123116764,105.40629243217094
island:24602,9.434697313968638,11.112852880602201,104.84640322314623
island:9420,8.799698905301264,11.897575107316433,104.69507864759198
island:5332,7.870648889897261,13.256847208425384,104.33998976453086
island:24597,9.822028710641575,10.617320325628043,104.283625068397
island:27486,7.8636520345300305,13.184006339923101,103.67443827819312
island:20160,9.140915299854488,11.123240575723461,101.67659996259282
island:2295,9.628351865827542,10.544116018977782,101.5224591448268
island:7527,9.932684932712286,10.208002655910004,101.3928741734443
island:10238,8.86571261937221,11.423600093584835,101.27835550835664
island:21149,9.91118362336269,10.216141960901624,101.25405889683658
island:13669,9.58849857134668,10.552008042882237,101.17791404401501
island:23826,10.411982813471843,9.710233284903515,101.10278207721763
island:5491,9.766717126054825,10.337824344787567,100.96660607438324
island:21108,9.237309217072788,10.923761364767175,100.90616153986744
island:14380,9.011536445815581,11.16584748755016,100.6214415824766
island:19777,8.575922338387219,11.703728136593174,100.37026356902042
island:10533,10.297214026711085,9.720027685470399,100.08920542284588
island:8175,9.204079818824841,10.836859133239006,99.74331644769279
island:15187,8.658762819040831,11.45033579564371,99.14574185285207
island:8930,8.73101997721848,11.322765098663545,98.85928827378359
island:25302,9.967890075263991,9.908829687778786,98.77012510229135
island:16364,7.797799971586636,12.615378000038458,98.37219421025456
island:12164,9.26301699698433,10.584399136116197,98.0434691007106
island:15810,9.44373015240114,10.321754544538486,97.47586461794158
island:14718,8.633887788367137,11.287089734815456,97.45146622762724
island:24123,6.5588461830635065,14.806870957723447,97.11598906417832
island:5414,8.083194969563941,11.896098337700156,96.15848224073586
island:17706,10.196418826253096,9.42295574505383,96.08040335781664
island:13841,8.47579359312499,11.323042038284571,95.9717671627773
island:13117,9.224989297487888,10.366846108322292,95.6340443979771
island:5480,8.128449533097054,11.725742147416646,95.31210328338528
island:24604,9.74226224612467,9.777543532041886,95.25539321205211
island:19538,9.331595433961523,10.204966442230253,95.2286182560464
island:13961,11.021437936659586,8.637402834127109,95.19659927025954
island:14546,8.592650490129325,11.056670025052398,95.0061011099647
island:23398,10.045793381939722,9.424783690219343,94.6794296214189
island:22243,8.821404373323393,10.652114437444784,93.96660888361667
island:26488,8.826631011371749,10.552265138252714,93.1409507095184
island:337,8.711430212081094,10.682421877533047,93.05917268213743
island:27429,10.09051000575696,9.182115212746357,92.65222542823031
island:4936,7.8282660769544075,11.812613090718187,92.47227833825674
island:18933,8.154938269812302,11.271009792539411,91.91438909660886
island:25257,9.161902771523955,10.00568581867592,91.67112063312484
island:26878,9.375537580460136,9.749556311658345,91.40733159276513
island:26469,9.174787605917588,9.885927885215356,90.70128863426892
island:26098,7.527382001473239,12.037150726991827,90.6082317313788
island:16326,9.459621292450315,9.576898954277219,90.59383726352594
island:3932,7.888737699565447,11.473541891442505,90.51176246656594
island:17642,8.513335841693952,10.599958571263187,90.2410072252059
island:8241,8.619802497666043,10.462237156874915,90.18241797600487
island:21349,8.220297023563639,10.915053908564724,89.72498515661127
island:1037,8.843998942995418,10.125586419676345,89.55067559282635
island:20870,11.209140784930955,7.978379154112533,89.43077517400573
island:14775,8.426270560824033,10.598176475817354,89.30310243659757
island:25542,7.8222405069391705,11.412138921626356,89.26849534356279
island:9640,8.381386781210786,10.602412192493757,88.86291739911525
island:13907,7.807654194507492,11.344808843377681,88.57634435188345
island:22958,6.803533418246952,13.010268144013533,88.51579409814981
island:1700,8.101715845041527,10.863562493165741,88.01349638447972
island:12129,5.643047257546906,15.555652908791268,87.78128448630612
island:12562,8.464763102577207,10.332466540197482,87.46188152807721
island:12975,8.532354727259953,10.223402122997566,87.22969343283772
island:11405,7.475864319027231,11.586101799616417,86.61612504036955
island:23303,10.42916838616657,8.27389976876474,86.28989389871212
island:16923,8.19195505790276,10.53108413441413,86.27016794011334
island:25390,8.381149353097989,10.162875412796657,85.17657669157616
island:20304,8.101059430121287,10.511435174319107,85.1537610430264
island:16765,8.00391724821678,10.571911432270916,84.61670425937335
island:18835,8.988017135512838,9.409438502734929,84.5721944981358
island:24789,8.772014028232942,9.591111817932783,84.13336741325712
island:19238,8.52218745137066,9.844554921975687,83.89714242039048
island:6410,7.97591150847879,10.480954291648228,83.59516395459727
island:17550,9.131349121065453,9.133295110909966,83.39930628343912
island:11386,8.364802357319382,9.960550204496286,83.31803383076858
island:23876,9.278443113805494,8.917099560185637,82.73680100932242
island:18838,9.132365629633492,9.05598776410963,82.70259139933624
island:26093,7.009548808056445,11.752585758952609,82.38032349824742
island:15213,10.08256048381088,8.119640677066434,81.86676823333345
island:24779,7.699000748504854,10.611339654629848,81.69671194363444
island:26890,8.123492134677573,10.011407085071571,81.32758671263423
island:20445,7.370606530534452,11.007698098534313,81.13341149120868
island:20,8.231145738581212,9.840017916753741,80.99462154305033
island:5707,9.338062843466165,8.641333107568883,80.693311609803
island:7440,8.440083909393067,9.552560760027582,80.6244143642084
island:11408,8.130956690595557,9.908679731347995,80.56704575657257
island:14564,7.748261599622354,10.395389832912844,80.54619985546323
island:26746,9.358274106853603,8.599306914782591,80.47467123749706
island:21214,8.937613189344793,8.925060868864115,79.76874173726502
island:228,8.107228341988787,9.821518223495978,79.62529090288595
island:24599,8.728817179020913,9.02804338650119,78.80414020503773
island:24362,7.419002958175538,10.582415456959339,78.51097157982387
island:357,8.557213875363502,9.118353320870314,78.02769955781832
island:23819,8.404224988462628,9.254792419076564,77.77935771143775
island:421,7.315125174516672,10.613345579195094,77.63795143221527
island:11271,8.146529971121215,9.525565256344104,77.60030285267817
island:13854,7.0757591334193455,10.943822068671508,77.43584895691862
island:24381,8.348351159746588,9.237185953572887,77.1152720683051
island:542,7.5103786075200185,10.209242494344686,76.67527642851064
island:17610,7.942193019086359,9.647208917878125,76.6199953212393
island:23059,7.380437080583347,10.380393513531693,76.61184119831616
island:3189,7.924768424289551,9.616627880733757,76.20954897738143
island:23464,7.8444148481366325,9.712277439592043,76.18713335635826
island:22125,7.950919549358854,9.566647910674659,76.06364789481619
island:13715,7.513406747288105,10.12362252172579,76.06289376173238
island:18423,5.654238762673726,13.416490640105867,75.86004143633582
island:20965,7.471331400746819,10.131425798119443,75.69523969982619
island:498,7.8932791073697,9.566153568049367,75.50832009657418
island:2894,8.538790481175122,8.842955236788931,75.50814200135102
island:27676,8.888219016141628,8.48946422065086,75.45621732284293
island:7387,7.734391376262719,9.718067127172302,75.16333458234368
island:9841,9.173727493487895,8.154136620434386,74.8038273005354
island:7932,8.419685409482106,8.857690296588165,74.57896575189461
island:297,8.13465502904847,9.158692811770635,74.50280654078007
island:12720,8.55050638593131,8.679825516095807,74.21690350414673
island:20376,5.917577236313338,12.478371715897243,73.84172841224974
island:8966,7.989096348647759,9.177965521867028,73.3236508387629
island:13859,5.88181596770773,12.462969191590389,73.30489119614586
island:19645,6.575177746593926,11.148402669316097,73.30272914135553
island:24565,8.064774360768379,9.076140695608025,73.19702677666608
island:11416,7.8437370901848045,9.282224689353544,72.80733007531153
island:26882,5.553607876584187,13.103937804215164,72.77413220375863
island:17648,7.494874274663445,9.680277095771121,72.55245977670874
island:9636,8.016903802849505,9.01162320821373,72.24531636777552
island:14500,6.860058748241066,10.440983449818354,71.62575985516659
island:14522,7.5482597717672775,9.475049941904308,71.52013831196217
island:13275,8.387673886652117,8.506924990133339,71.35331259544972
island:25236,6.297858773350409,11.318851778870446,71.28452997981212
island:19592,9.0475994429759,7.877335359377412,71.27097500963743
island:18631,6.108315292247078,11.631124354722374,71.0465747619781
island:19362,7.900617539301094,8.952543532236536,70.73062245214454
island:25526,5.951007477488496,11.86179434764633,70.58962685927408
island:8124,6.844645110004235,10.312817595110243,70.58757652273695
island:14395,7.110248083813833,9.907855023301991,70.44730719413823
island:9645,7.3442038347821494,9.573888719592434,70.31259024820831
island:640,7.615076284119144,9.215121054297915,70.17384979587106
island:7768,7.998383220369458,8.755253295602563,70.02787104963194
island:1813,6.770368041019441,10.341466104838123,70.01553161348183
island:8899,8.442324944880657,8.282924661612896,69.92714148730172
island:22951,7.918557238067336,8.815804504751746,69.80845257048857
island:20062,7.4087179164064185,9.395623290453626,69.6095226077892
island:13720,9.344167539074595,7.4226103142277,69.35811435340675
island:2037,7.861834052160021,8.81999056058395,69.34130212892885
island:13845,7.036875574488747,9.837891566278554,69.22801886721439
island:19068,8.035194932263614,8.601504168705162,69.11476270622407
island:26543,6.326360667228189,10.896842779292054,68.93735755588276
island:15159,7.500221775331763,9.156866177282282,68.6785270966515
island:1446,8.007488986606475,8.566071337839809,68.59272189623766
island:26546,6.7543288969065305,10.138207871747301,68.47679039098806
island:6458,7.03999323600241,9.712214150877506,68.37392192878453
island:8367,7.21903224526908,9.447440829352981,68.20137998237084
island:22004,6.1682393977972225,11.023615940100676,67.99630214791446
island:19809,8.134096786781322,8.333809662133513,67.78801439440734
island:19593,7.349968408178337,9.2216475109564,67.77881787688594
island:25746,9.171351045096289,7.385591434004585,67.73585171691215
island:7207,6.685915262666729,10.122006824463881,67.67487991649985
island:13937,7.092711321967135,9.513420962066629,67.47594856828945
island:18727,7.174761348675099,9.403791818449077,67.46996206999556
island:2239,8.371359270963376,8.039782567465133,67.30390833267897
island:11107,5.92915218054213,11.322474363625703,67.1326735622237
island:18459,7.530376340918941,8.900577265134947,67.02469645789321
island:20961,7.697674707476317,8.675412677709385,66.78050474612292
island:12031,5.988397586217434,11.145959048726631,66.74643426347292
island:286,7.662466737414903,8.683239654452485,66.53503502524424
island:14343,5.640393170733727,11.759041946591505,66.32561988992616
island:12940,7.190650051875472,9.198967391526862,66.1465553510834
island:10052,6.343168836020651,10.413270253209173,66.0531313512173
island:20456,8.861533251378285,7.432390807099615,65.86237827435153
island:13890,7.615325052775173,8.630183135078088,65.72164983859795
island:24121,8.047082479976702,8.153489525270906,65.61180270948107
island:11393,7.241127032293281,9.038469118606995,65.44870306529313
island:11852,8.05708745432629,8.122016556691634,65.43979770275057
island:13360,9.636830875528634,6.789248621825303,65.42684074044631
island:19956,6.965267091552921,9.369337729492443,65.25993975687888
island:24391,8.561628107123369,7.6113254201563425,65.16533764967312
island:6670,7.426002295015856,8.758815542875368,65.04298432301303
island:15552,10.447584388857278,6.194783801042624,64.72052653211887
island:22400,7.1556058328072645,9.035277112711054,64.65288160874519
island:380,7.723419814260998,8.358780631341132,64.55837195116115
island:10884,6.924070578226608,9.32141130578913,64.54210976996339
island:24564,8.620536829733467,7.472117450650597,64.41366367942761
island:27473,7.76806016052136,8.262766459405627,64.18566694900099
island:13917,7.1879374282380235,8.903237996158392,63.9959176250978
island:30,6.565567598185939,9.73852591250391,63.93895018522982
island:23694,6.502084888591971,9.807032094128738,63.76615518117094
island:2592,7.418783157275608,8.59380982043503,63.75561155267312
island:16303,7.557961990882129,8.413516495017692,63.58903787900355
island:25497,7.117228341589521,8.928670562856743,63.54738718268007
island:18618,6.616960165527166,9.595738479785936,63.49461927955974
island:19145,6.889692672862996,9.204624634534088,63.41703490100374
island:12724,9.193653924079554,6.893949058958784,63.38058181830097
island:11623,5.3345834074372736,11.877691978282858,63.36253854599854
island:3631,8.988106394799885,7.022276254662604,63.116966110584336
island:17178,7.15369307723936,8.811280442562957,63.033195903577194
island:25326,6.682815426724437,9.40504916508607,62.85220764953897
island:12867,7.014960506652656,8.947059995102197,62.763272516293824
island:2619,7.683579834765396,8.167778110873156,62.75777518754319
island:22169,7.299899979173996,8.585159848574754,62.67080819981628
island:14417,6.758566652819436,9.267719959491483,62.636503065888235
island:20467,7.034885327849837,8.817828892253932,62.03241509760757
island:27470,7.741943740759963,8.000605710122498,61.94023929977129
island:24302,8.258349768238864,7.492314757625447,61.87415584220873
island:18666,6.419166573664953,9.615835835258888,61.72565197154346
island:12478,7.914214973349516,7.798256084169157,61.717075067345505
island:7202,7.817859697893596,7.890611772741334,61.687695769839216
island:26435,6.92038691555879,8.89934695643177,61.58692423430837
island:15206,6.688434140841391,9.193521239594183,61.4902613334522
island:19901,6.4443224646082,9.534373015731873,61.44257421123514
island:20294,7.803815760952855,7.837794353710851,61.164703108596036
island:21288,9.111962504538187,6.708341315961004,61.12615453868103
island:3916,6.963717002481424,8.774108585555028,61.10040913884779
island:13718,6.606606326640489,9.247326750128373,61.09344741190994
island:3974,7.345275062184292,8.281535728302615,60.83015786168943
island:12612,6.931767911214658,8.767317334581328,60.77300896728688
island:26342,7.160599967521355,8.455970449240771,60.549821724195006
island:3747,7.337493171060332,8.25028072176718,60.53637845529739
island:15509,8.072689967867749,7.489434072628722,60.45987930311678
island:22155,6.449224650340676,9.33772388902517,60.22107908317613
island:1852,7.309369436691157,8.230860993288172,60.16240378199398
island:7150,8.108560525600556,7.388572203833967,59.91068491255761
island:14394,6.81032254952416,8.735951012899193,59.494644174685796
island:27407,10.925252793002674,5.442753224733446,59.46345487014339
island:18242,6.819101633549639,8.71890758491907,59.45511695508996
island:10220,6.549505724180718,9.071582646760586,59.414382472336925
island:24500,7.2555874068101565,8.180841805666144,59.35681278229734
island:26871,7.129167758037195,8.324856351594129,59.34929749207601
island:22558,8.429035137001577,7.039221433401931,59.33384479927948
island:13622,7.048101088762216,8.394516022096624,59.16539751497108
island:19607,7.062038027350504,8.369723482928027,59.10730551484624
island:10024,8.35546021587284,7.072892989693294,59.09727598650823
island:8946,6.907334878899844,8.542840835208771,59.00826246592742
island:8414,8.539751666509105,6.909717074898792,59.00726790547337
island:25370,6.839106978128333,8.599954611774884,58.81600959697655
island:22336,7.248020015141236,8.092269661531713,58.652932474702055
island:18352,7.96784713344737,7.357060455434182,58.61993306043025
island:4839,7.918456187658237,7.398023773097012,58.58092712252278
island:20927,5.619733421079072,10.413131281247308,58.519021879309435
island:13053,6.68990487161977,8.740597244367459,58.473764085960205
island:8812,7.068149439925051,8.261447871560696,58.39314814634174
island:26886,7.055686476509864,8.24852539398446,58.199009073484355
island:14626,6.353100583944226,9.15078785252783,58.13587564944429
island:19361,7.095721971511834,8.175793703469548,58.01315901625698
island:5484,6.620374944089521,8.748212553584388,57.91644719531949
island:21187,7.164341388410177,8.080481711405552,57.8913295633143
island:20523,6.797702302711391,8.510920296804898,57.85470249978377
island:13832,6.163350776892492,9.377876828285714,57.79914443521685
island:10025,6.625182832026854,8.72251136633932,57.788232556430366
island:26584,8.693967445058085,6.635017878157444,57.68462943007919
island:15620,8.932511239369653,6.446303898199731,57.581682023061504
island:25495,7.154859414777032,8.042097906710385,57.54007992238546
island:24454,11.488609409652348,5.004826097781493,57.4984922006461
island:7069,8.642372997771918,6.648075768850852,57.455150511858385
island:26359,5.6744343937525485,10.1108978236492,57.37362636223281
island:13621,6.547350465203814,8.761743786405379,57.366207255917885
island:25808,6.53272158787072,8.7658842605902,57.26508134593376
island:17479,6.95813413677369,8.219260848256045,57.19071948729787
island:18117,5.8011671194944645,9.857961851088525,57.18768415576554
island:11055,6.606577385697789,8.640175232352387,57.08198629852542
island:13881,6.926167208982335,8.224581063788676,56.96482367163018
island:16874,7.693580646829801,7.399554103207055,56.92906624360384
island:20813,5.337994500816878,10.661416525317868,56.91058278306497
island:13792,7.697039470468425,7.382897383846135,56.82645256988178
island:176,6.051730925364952,9.375255144098873,56.73652148872999
island:10195,7.287945840811982,7.7664074910782,56.601157172654396
island:12493,7.895911113460365,7.164803149639812,56.57264881499681
island:2169,6.115842379709348,9.238600650746868,56.50182538904806
island:14134,7.433542558195518,7.588779268707327,56.41151365868778
island:22897,5.955436219815425,9.462821085863387,56.35522743638395
island:23653,5.773989467251786,9.737416200559963,56.22373858028013
island:18513,6.625864634599736,8.483710389865026,56.211916642393014
island:11748,7.917758412591052,7.097934838783564,56.19973328180168
island:21902,8.511160160642536,6.596479708869568,56.143695298617544
island:3876,6.32004925570817,8.86508003046023,56.02774244830354
island:4175,4.125727688235889,13.572092779769466,55.994758968801285
island:18468,5.94653476082877,9.411382696370207,55.96511435142784
island:18647,6.738219439365094,8.27405580414603,55.752403661888366
island:20333,6.6689415348947065,8.358738550200187,55.743938696755585
island:22218,6.1508669356099,9.055788064599394,55.70094738243519
island:12590,7.552614240912228,7.369512257891172,55.65908322752609
island:11771,7.396928793537324,7.523379794725775,55.64990462832401
island:2764,5.407681124269184,10.27502867923706,55.56407864003477
island:13950,6.641748543587177,8.3635171770358,55.54837802984385
island:4791,4.96766201948267,11.170126535681874,55.48941334412238
island:2779,7.292905157179961,7.594882294121678,55.38875625097476
island:8038,8.150382177854167,6.772170795866605,55.195780160015644
island:9600,6.9576062128510845,7.904184508568828,54.99420324433977
island:8145,8.617604998467472,6.376895077010833,54.953562890351165
island:23108,7.153908313595854,7.669478017611531,54.86674255113178
island:3108,6.860932104151432,7.9925053538962025,54.83603657514866
island:26496,7.260253782568028,7.53689891363746,54.719798846569226
island:12611,6.437652789207553,8.48732015387654,54.638420261500784
island:13804,5.846457590487395,9.343710570799765,54.62760758996959
island:15576,10.591870150157014,5.152464925039818,54.574239439260246
island:23720,5.954944835643139,9.149571227628108,54.48519193031306
island:9427,9.293009423382976,5.855451457186353,54.41476556979436
island:20047,6.487653644008145,8.386942131416614,54.41157568097044
island:25467,8.895020128197757,6.10993444023267,54.34798982783829
island:19909,4.925541512942239,11.033198975450079,54.34447957413114
island:91,8.335628685932464,6.515381775756585,54.309803229798185
island:7535,6.4560816903098734,8.395930637630348,54.20481406271699
island:1610,6.860329398877281,7.892635794482912,54.146081375522265
island:23238,4.208283322529284,12.790372130373852,53.82550972519563
island:6511,7.668445509238353,7.018789849090481,53.82320749854564
island:720,6.415876111678221,8.385267930143064,53.798840203026366
island:23997,7.590207832542927,7.087463630072069,53.795321957836144
island:25447,7.531494637238268,7.142453465753408,53.793349974045675
island:3988,7.572682048959868,7.103392355413266,53.791731776556794
island:12298,8.631993179975254,6.2311504066215475,53.787247813357226
island:2661,4.269497737809886,12.591373457275456,53.758840491757006
island:13442,5.358829710281529,10.031411923021563,53.75662824916032
island:12930,4.074668862518228,13.188100290382671,53.73714160898987
island:18336,6.892097510394168,7.7760759505339045,53.59347369931069
island:11958,11.525287938721188,4.645176589641287,53.53699772182275
island:2599,5.879880418864661,9.097648683238383,53.493086350283235
island:16468,5.924016218039881,9.01271573398749,53.3914741767251
island:11744,8.154589428469615,6.5314279629692376,53.26111341963978
island:26811,6.674101284321537,7.946058956961518,53.03280228995152
island:20506,7.523113645860695,7.044370702416033,52.99560135784734
island:2674,8.58924717512041,6.127972813818566,52.63467318030578
island:23840,7.534433974109746,6.9788149447729575,52.5814204189222
island:22722,9.158111552848656,5.740180081352669,52.569209518467616
island:22356,6.082579003048875,8.631336445700097,52.500785832865915
island:18959,7.47019452722461,7.0170334205931875,52.41860465586741
island:15719,5.6725121839812624,9.239703878522736,52.412332827299146
island:7096,6.89491479306369,7.597900963548643,52.3868797498044
island:10887,6.6962623363568214,7.812087368110575,52.31178641140773
island:14606,7.514866835915464,6.946864142817308,52.20475896046809
island:13084,7.0757042507831525,7.34882953921484,51.998144408903244
island:10898,6.946876100301452,7.484131396215393,51.99133352788445
island:14666,6.753268612764984,7.684951922264036,51.89854460723364
island:6982,5.872760895584829,8.825921964020214,51.832529377781164
island:20675,7.999083168841112,6.478268019730381,51.82020467986693
island:628,5.851870518903827,8.84028989186223,51.73223179675209
island:14495,7.687055924681962,6.727463460298802,51.71438785057132
island:2957,5.650434555808132,9.140505756901073,51.647829586356984
island:17823,5.406733724735216,9.545375337517545,51.6093027526119
island:16176,6.093255050081691,8.46397317548448,51.57314729527677
island:22741,5.31579482097316,9.674616519045673,51.42827638684437
island:21966,6.551717012575404,7.846423991376236,51.40754955217949
island:4932,7.2633282029604525,7.0776845019595545,51.40754545473894
island:14788,5.426249677819964,9.471928120971153,51.39704691475358
island:12523,6.005021653116751,8.538721089706703,51.27520503361341
island:1649,6.7018299111095185,7.640174100231015,51.203147311012465
island:20929,6.930612486924954,7.3838003298008585,51.17425876667842
island:1837,5.9852125788907244,8.549828633302155,51.17254188340015
island:18709,8.67777227756267,5.895773316084064,51.16217823710803
island:22306,6.537857128591892,7.820704113488187,51.13064613897667
island:4205,7.594928583753102,6.727300927857717,51.09337010849534
island:4669,6.207637396024094,8.228124442900896,51.07721299089151
island:1959,6.285699293720517,8.115676497552492,51.012702028729905
island:26531,5.404398559243291,9.39049833989538,50.74999569870711
island:23332,6.64690993653797,7.632116320882327,50.72998981008635
island:9755,7.41537156546382,6.8298439381082225,50.64583053520315
island:10249,8.331293001228373,6.077070886058218,50.62985814098553
island:3563,9.489044347201872,5.335125881297074,50.62524608553241
island:22156,6.409724056010673,7.873329209308988,50.46586763379931
island:26879,6.701245121322381,7.5213513941447925,50.40241933576408
island:12711,7.92533270299928,6.341943721346627,50.26201397536938
island:13660,5.801581726606264,8.654805980878761,50.211564225988816
island:3129,7.1571520675846365,7.010312256852942,50.173870863548956
island:66,6.531644174253647,7.675875418417158,50.136086959001204
island:24166,5.394390463830588,9.28816423343621,50.103984567340625
island:1362,6.718328742771112,7.447667240407018,50.035876887821274
island:11300,8.809102794959376,5.676807431183269,50.007580208482686
island:11250,6.431400228717051,7.77441882428194,50.00039900462902
island:21350,6.81333115851393,7.332714131019962,49.9602096653537
island:25063,5.110760167531708,9.773801886338916,49.9515573660472
island:20737,5.858035053446066,8.518369229604922,49.900905545221995
island:13383,6.460906498174669,7.703917002224144,49.77428742106829
island:20660,6.084109316893999,8.1728363572363385,49.72442982651162
island:22198,6.354615677989259,7.817758535769867,49.67885095813755
island:20641,6.302531392313142,7.874253551102981,49.62773019685978
island:18001,6.537777284520667,7.558657234991682,49.41681757240641
island:23806,7.1484392284620295,6.909294824006945,49.390674160940904
island:5668,5.765428046738761,8.558251406898528,49.34198269237423
island:14449,7.402781293182002,6.643210707347219,49.17823595101637
island:11503,5.880997665421218,8.356114852505739,49.14229193957782
island:24842,5.828475699565484,8.417262846412147,49.05981195716859
island:15148,6.618892470691792,7.410937441945378,49.05219803526015
island:4437,7.73452382873511,6.340068038271151,49.037407317810086
island:22228,7.722991760296384,6.346756487372318,49.01594805658403
island:14819,5.1738914531957745,9.460986272544265,48.95011601431932
island:331,7.0902042252216955,6.893002775097427,48.87279740046065
island:15083,5.757864679532842,8.487348779817111,48.86900576218511
island:13975,5.579919895064824,8.75543358971255,48.8546180771559
island:25681,6.626077756134647,7.363488170701357,48.791045175444864
island:26889,6.879946781417514,7.077832738504953,48.695112568688664
island:24819,5.358894369699964,9.08382207964797,48.679242997981724
island:21274,6.191132569682333,7.842796248564661,48.55579129187109
island:16310,6.462686588755062,7.501546845586306,48.48014619388846
island:6352,6.137048887871739,7.873977393943485,48.32298420862808
island:6106,6.442089726753824,7.473222358945921,48.143168984312496
island:14602,5.278731489324035,9.109862743623715,48.08851932818636
island:5008,5.083274245419182,9.437802921119836,47.97494052227039
island:20362,6.352602637424428,7.540706307611099,47.90311077777329
island:10544,6.386130024460314,7.484767417028638,47.79869792798886
island:24528,6.907287451177387,6.915112986373846,47.764673154253856
island:4813,5.8107896162198625,8.21846675082336,47.75578125693257
island:3180,5.109660975768765,9.315437613886715,47.59872804788545
island:14847,6.61243314430101,7.1954714544467375,47.5795739342554
island:6575,6.8364152677572205,6.9409795461194195,47.45141854228138
island:2574,6.148617163415986,7.706403939676189,47.38372753170959
island:26557,6.6771007805365805,7.096172376543185,47.381858114238625
island:2270,7.501353583285175,6.314404611439551,47.36658165833451
island:25485,7.579523681859325,6.228118918412511,47.206174835543706
island:1601,6.886313487516062,6.849929909677403,47.17076472555118
island:20305,6.650376805724542,7.053116597026412,46.90588302493526
island:26451,5.812261802504565,8.06613303665645,46.882476942878434
island:6189,6.8768908499333605,6.811358405304988,46.84096829305856
island:19855,7.7497436509877735,6.036194810203067,46.77896240649657
island:11273,6.287896108255785,7.437719961682213,46.767610401357956
island:21438,5.957251172493134,7.844247199990338,46.73015082946843
island:13464,5.190910245225612,8.963023589073975,46.526250976722935
island:16025,4.40813653419209,10.533503539541627,46.43312178569514
island:20508,6.453121601860094,7.190122647043016,46.39873577365677
island:19007,5.639490831927823,8.22372764092623,46.3776366352749
island:13635,7.233678160898534,6.397723758727884,46.27907463297158
island:20504,6.155941654128633,7.509791323351153,46.22983722123116
island:26389,6.715558380686641,6.877769426839287,46.18806211484093
island:11879,4.838831615556617,9.54305797512745,46.17725063913642
island:9475,6.326615687077688,7.297878408133215,46.17087201928115
island:8902,8.499811867482403,5.430920365986694,46.16180137816558
island:23519,6.295053599290373,7.326435843738655,46.12030632809702
